day,pnl,mae_usd
2025-06-01,515.02,-312.5
2025-06-02,320.02,-405.0
2025-06-03,-32.48,-62.5
2025-06-04,-342.48,-480.0
2025-06-05,757.52,-42.5
2025-06-08,-2.48,-180.0
2025-06-09,270.02,-227.5
2025-06-10,-117.48,-332.5
2025-06-11,152.52,-465.0
2025-06-12,-609.98,-1187.5
2025-06-15,887.52,-92.5
2025-06-16,-537.48,-630.0
2025-06-17,32.52,-182.5
2025-06-18,-597.48,-692.5
2025-06-19,350.02,-15.0
2025-06-22,1135.02,-155.0
2025-06-23,657.52,-27.5
2025-06-24,-2.48,-132.5
2025-06-25,502.52,-35.0
2025-06-26,195.02,-157.5
2025-06-29,242.52,-2.5
2025-06-30,12.52,-185.0
2025-07-01,277.52,-130.0
2025-07-02,460.02,-67.5
2025-07-03,-392.48,-462.5
2025-07-06,-494.98,-612.5
2025-07-07,87.52,-92.5
2025-07-08,327.52,-122.5
2025-07-09,165.02,-192.5
2025-07-10,-289.98,-462.5
2025-07-13,337.52,-162.5
2025-07-14,-359.98,-367.5
2025-07-15,252.52,-332.5
2025-07-16,430.02,-115.0
2025-07-17,-77.48,-205.0
2025-07-20,115.02,-60.0
2025-07-21,-17.48,-295.0
2025-07-22,575.02,-47.5
2025-07-23,7.52,-137.5
2025-07-24,205.02,-55.0
2025-07-27,-237.48,-382.5
2025-07-28,-224.98,-285.0
2025-07-29,207.52,-377.5
2025-07-30,-662.48,-770.0
2025-07-31,-967.48,-1222.5
2025-08-03,1107.52,-57.5
2025-08-04,-467.48,-540.0
2025-08-05,450.02,-107.5
2025-08-06,-17.48,-367.5
2025-08-07,482.52,-45.0
2025-08-10,-284.98,-370.0
2025-08-11,682.52,-70.0
2025-08-12,160.02,-77.5
2025-08-13,-2.48,-332.5
2025-08-14,-237.48,-272.5
2025-08-17,-2.48,-115.0
2025-08-18,-349.98,-490.0
2025-08-19,-214.98,-715.0
2025-08-20,-237.48,-445.0
2025-08-21,920.02,-290.0
2025-08-24,-337.48,-402.5
2025-08-25,250.02,-310.0
2025-08-26,-94.98,-280.0
2025-08-27,325.02,-142.5
2025-08-28,-442.48,-615.0
2025-08-31,30.02,-202.5
2025-09-01,-374.98,-1087.5
2025-09-02,110.02,-237.5
2025-09-03,540.02,-60.0
2025-09-04,-282.48,-625.0
2025-09-07,212.52,-42.5
2025-09-08,262.52,-195.0
2025-09-09,42.52,-107.5
2025-09-10,542.52,-17.5
2025-09-11,-62.48,-190.0
2025-09-14,292.52,-35.0
2025-09-15,-19.98,-132.5
2025-09-16,-47.48,-590.0
2025-09-17,320.02,-20.0
2025-09-18,212.52,-197.5
2025-09-21,305.02,-215.0
2025-09-22,-347.48,-487.5
2025-09-23,-192.48,-390.0
2025-09-24,-319.98,-730.0
2025-09-25,360.02,-110.0
2025-09-28,125.02,-12.5
2025-09-29,137.52,-157.5
2025-09-30,310.02,-452.5
2025-10-01,60.02,-160.0
2025-10-02,-14.98,-102.5
2025-10-05,217.52,-20.0
2025-10-06,-239.98,-430.0
2025-10-07,397.52,-82.5
2025-10-08,-252.48,-427.5
2025-10-09,-1802.48,-1905.0
2025-10-12,585.02,-17.5
2025-10-13,-104.98,-972.5
2025-10-14,247.52,-335.0
2025-10-15,-569.98,-827.5
2025-10-16,500.02,-885.0
2025-10-19,567.52,-272.5
2025-10-20,-72.48,-202.5
2025-10-21,-374.98,-827.5
2025-10-22,420.02,-170.0
2025-10-23,475.02,-17.5
2025-10-26,395.02,-95.0
2025-10-27,122.52,-125.0
2025-10-28,-14.98,-465.0
2025-10-29,-147.48,-575.0
2025-10-30,-272.48,-532.5
2025-11-02,-107.48,-435.0
2025-11-03,-809.98,-985.0
2025-11-04,250.02,-547.5
2025-11-05,-654.98,-960.0
2025-11-06,-27.48,-1087.5
2025-11-09,760.02,-132.5
2025-11-10,192.52,-277.5
2025-11-11,37.52,-220.0
2025-11-12,-1079.98,-1282.5
2025-11-13,-12.48,-945.0
2025-11-16,-727.48,-1085.0
2025-11-17,-692.48,-1032.5
2025-11-18,725.02,-175.0
2025-11-19,-1452.48,-1497.5
2025-11-20,712.52,-355.0
2025-11-23,722.52,-280.0
2025-11-24,540.02,-510.0
2025-11-25,472.52,-30.0
2025-11-26,-27.48,-60.0
2025-11-30,-269.98,-517.5
2025-12-01,97.52,-180.0
2025-12-02,205.02,-252.5
2025-12-03,5.02,-297.5
2025-12-04,137.52,-95.0
2025-12-07,-197.48,-462.5
2025-12-08,-197.48,-215.0
2025-12-09,460.02,-160.0
2025-12-10,302.52,-710.0
2025-12-11,-819.98,-1102.5
2025-12-14,-97.48,-270.0
2025-12-15,-334.98,-675.0
2025-12-16,-642.48,-760.0
2025-12-17,302.52,-187.5
2025-12-18,670.02,-57.5
2025-12-21,232.52,-62.5
2025-12-22,260.02,-180.0
2025-12-23,207.52,-62.5
2025-12-25,-84.98,-160.0
2025-12-28,-237.48,-435.0
2025-12-29,-114.98,-167.5
2025-12-30,-527.48,-552.5
2026-01-01,-24.98,-367.5
2026-01-04,355.02,-50.0
2026-01-05,427.52,-142.5
2026-01-06,-267.48,-315.0
2026-01-07,77.52,-322.5
2026-01-08,287.52,-185.0
2026-01-11,190.02,-492.5
2026-01-12,-147.48,-360.0
2026-01-13,-392.48,-760.0
2026-01-14,250.02,-80.0
2026-01-15,-92.48,-250.0
2026-01-18,-207.48,-462.5
2026-01-19,-802.48,-912.5
2026-01-20,757.52,-247.5
2026-01-21,245.02,-70.0
2026-01-22,-47.48,-147.5
2026-01-25,665.02,-30.0
2026-01-26,332.52,-50.0
2026-01-27,80.02,-325.0
2026-01-28,-304.98,-1222.5
2026-01-29,-337.48,-742.5
2026-02-01,555.02,-825.0
2026-02-02,-674.98,-1182.5
2026-02-03,-7.48,-735.0
2026-02-04,-1277.48,-1312.5
2026-02-05,1582.52,-355.0
2026-02-08,120.02,-520.0
2026-02-09,-164.98,-275.0
2026-02-10,-62.48,-402.5
2026-02-11,-1024.98,-1220.0
2026-02-12,-192.48,-570.0
2026-02-15,-64.98,-197.5
2026-02-16,62.52,-647.5
2026-02-17,295.02,-135.0
2026-02-18,-199.98,-445.0
2026-02-19,502.52,-265.0
2026-02-22,-492.48,-732.5
2026-02-23,430.02,-282.5
2026-02-24,725.02,-80.0
2026-02-25,-557.48,-957.5
2026-02-26,-227.48,-590.0
2026-03-01,667.52,-487.5
2026-03-02,-672.48,-1637.5
2026-03-03,657.52,-382.5
2026-03-04,-579.98,-1057.5
2026-03-05,-857.48,-1090.0
2026-03-08,1582.52,-510.0
2026-03-09,-32.48,-372.5
2026-03-10,-202.48,-475.0
2026-03-11,-867.48,-965.0
2026-03-12,-527.48,-585.0
2026-03-15,870.02,-42.5
2026-03-16,235.02,-350.0
2026-03-17,-1094.98,-1205.0
2026-03-18,-4.98,-600.0
2026-03-19,-957.48,-1490.0
2026-03-22,1167.52,-377.5
2026-03-23,182.52,-600.0
2026-03-24,-97.48,-310.0
2026-03-25,-922.48,-1242.5
2026-03-26,-1424.98,-1512.5
2026-03-29,15.02,-205.0
2026-03-30,1830.02,-327.5
2026-03-31,560.02,-25.0
2026-04-01,57.52,-1135.0
2026-04-02,-207.48,-257.5
2026-04-05,600.02,-237.5
2026-04-06,130.02,-782.5
2026-04-07,1392.52,-25.0
2026-04-08,465.02,-230.0
2026-04-09,2.52,-140.0
2026-04-12,1317.52,-265.0
2026-04-13,790.02,-52.5
2026-04-14,540.02,-120.0
2026-04-15,205.02,-117.5
2026-04-16,792.52,-75.0
2026-04-19,537.52,-182.5
2026-04-20,-322.48,-672.5
2026-04-21,347.52,-40.0
2026-04-22,-264.98,-840.0
2026-04-23,550.02,-50.0
2026-04-26,212.52,-140.0
2026-04-27,-344.98,-597.5
2026-04-28,-114.98,-415.0
2026-04-29,962.52,-137.5
2026-04-30,-87.48,-92.5
2026-05-03,-514.98,-762.5
2026-05-04,670.02,-47.5
2026-05-05,840.02,-97.5
2026-05-06,-222.48,-362.5
2026-05-07,802.52,-35.0
2026-05-10,310.02,-135.0
2026-05-11,-162.48,-722.5
2026-05-12,555.02,-217.5
2026-05-13,422.52,-65.0
2026-05-14,-1062.48,-1132.5
2026-05-17,132.52,-377.5
2026-05-18,-512.48,-695.0
2026-05-19,602.52,-220.0
2026-05-20,332.52,-260.0
2026-05-21,170.02,-12.5
2026-05-24,452.52,-20.0
2026-05-25,-279.98,-465.0
2026-05-26,142.52,-195.0
2026-05-27,327.52,-492.5
2026-05-28,15.02,-155.0
2026-05-31,195.02,-190.0
2026-06-01,165.02,-347.5
2026-06-02,-847.48,-855.0
2026-06-03,465.02,-172.5
2026-06-04,-2259.98,-2307.5
2026-06-07,427.52,-130.0
2026-06-08,-222.48,-1655.0
2026-06-09,-1199.98,-1212.5
2026-06-10,1290.02,-307.5
2026-06-11,392.52,-320.0
2026-06-14,807.52,-52.5
2026-06-15,-424.98,-490.0
2026-06-16,-727.48,-1115.0
2026-06-17,572.52,-110.0
2026-06-18,-192.48,-552.5
2026-06-21,-22.48,-310.0
2026-06-22,-1034.98,-1285.0
2026-06-23,297.52,-452.5
2026-06-24,-377.48,-875.0
2026-06-25,-319.98,-740.0
2026-06-28,947.52,-2.5
2026-06-29,450.02,-132.5
2026-06-30,-139.98,-377.5
2026-07-01,-164.98,-560.0
2026-07-02,330.02,-2.5
2026-07-05,332.52,-250.0
2026-07-06,-464.98,-682.5
2026-07-07,-319.98,-780.0
