combo,window,cusum_threshold_atr_mult,pt_mult,sl_mult,horizon_5m_bars,trades_count,total_pnl_usd,max_drawdown_usd,profit_factor,win_rate,passes_constraints
cus0.6_pt3.0_sl3.0_hz24,ytd_2026_jan_apr,0.6,3.0,3.0,24,60,3532.2387788866954,825.8618661800792,1.8066941521718718,0.5833333333333334,True
cus0.8_pt3.0_sl2.0_hz6,ytd_2026_jan_apr,0.8,3.0,2.0,6,44,3522.1567505710414,609.0799440144401,2.37312098554394,0.5909090909090909,True
cus0.8_pt3.5_sl3.0_hz18,ytd_2026_jan_apr,0.8,3.5,3.0,18,47,3468.0227434364033,579.1814908829474,2.3246876062342703,0.5957446808510638,True
cus0.8_pt3.0_sl3.0_hz12,ytd_2026_jan_apr,0.8,3.0,3.0,12,55,3431.137921651537,832.310919323987,1.8836076394187558,0.6,True
cus1.0_pt3.0_sl2.5_hz18,ytd_2026_jan_apr,1.0,3.0,2.5,18,53,3431.020276904248,716.7726370773162,1.899977377180258,0.5471698113207547,True
cus0.6_pt3.0_sl2.5_hz18,ytd_2026_jan_apr,0.6,3.0,2.5,18,64,3374.913254833303,1267.8068380114128,1.770598427456873,0.53125,True
cus0.6_pt3.5_sl3.0_hz12,ytd_2026_jan_apr,0.6,3.5,3.0,12,49,3364.6690794418732,797.1210590602932,2.118567252426956,0.6122448979591837,True
cus1.0_pt2.5_sl3.0_hz24,ytd_2026_jan_apr,1.0,2.5,3.0,24,37,3320.0335355159805,305.28437316765485,3.2982744567587807,0.7027027027027027,True
cus0.6_pt3.5_sl3.0_hz18,ytd_2026_jan_apr,0.6,3.5,3.0,18,52,3311.7748207587438,959.1429330560277,1.9847432707861068,0.6346153846153846,True
cus0.6_pt3.0_sl2.0_hz18,ytd_2026_jan_apr,0.6,3.0,2.0,18,64,3292.224819451988,692.2695439493327,1.8324347710804678,0.515625,True
cus0.6_pt2.5_sl2.0_hz12,ytd_2026_jan_apr,0.6,2.5,2.0,12,79,3284.9166545619805,708.3048852377688,1.7147259889006468,0.5822784810126582,True
cus0.8_pt3.5_sl3.0_hz12,ytd_2026_jan_apr,0.8,3.5,3.0,12,44,3280.676767552415,797.1210590602932,2.2817405406964886,0.6136363636363636,True
cus0.6_pt2.5_sl2.5_hz24,ytd_2026_jan_apr,0.6,2.5,2.5,24,46,3261.8546165587522,767.3777510377695,2.2768470089274104,0.6521739130434783,True
cus0.6_pt3.0_sl3.0_hz18,ytd_2026_jan_apr,0.6,3.0,3.0,18,63,3242.1524536942866,1195.4189588375739,1.6642138981306565,0.6190476190476191,True
cus0.6_pt2.5_sl3.0_hz18,ytd_2026_jan_apr,0.6,2.5,3.0,18,39,3233.9504287082627,467.4800000000032,2.8870855217973808,0.717948717948718,True
cus1.0_pt3.0_sl3.0_hz18,ytd_2026_jan_apr,1.0,3.0,3.0,18,44,3231.97669699571,469.9800000000032,2.2197341681826313,0.6363636363636364,True
cus1.0_pt2.5_sl2.5_hz18,ytd_2026_jan_apr,1.0,2.5,2.5,18,48,3229.8241238490436,505.9582060677785,2.2851648362096,0.625,True
cus0.6_pt2.5_sl3.0_hz6,ytd_2026_jan_apr,0.6,2.5,3.0,6,36,3227.592169181561,314.9800000000032,3.47443169075047,0.8055555555555556,True
cus0.8_pt2.5_sl2.5_hz24,ytd_2026_jan_apr,0.8,2.5,2.5,24,66,3211.4090834556596,1275.987713992421,1.8085881702046298,0.6818181818181818,True
cus1.0_pt2.5_sl2.5_hz12,ytd_2026_jan_apr,1.0,2.5,2.5,12,87,3209.78790668988,1058.2521303959438,1.5101772764956025,0.6091954022988506,True
cus1.0_pt2.5_sl3.0_hz6,ytd_2026_jan_apr,1.0,2.5,3.0,6,30,3205.0912679348266,659.2226204635008,3.765319744795853,0.8,True
cus0.6_pt3.5_sl3.0_hz6,ytd_2026_jan_apr,0.6,3.5,3.0,6,40,3199.1091524808417,1377.2596174125356,2.0850835297640544,0.675,True
cus0.6_pt2.5_sl2.0_hz24,ytd_2026_jan_apr,0.6,2.5,2.0,24,79,3176.9604790823496,1080.74267034285,1.5838762087355507,0.5822784810126582,True
cus0.8_pt3.0_sl3.0_hz24,ytd_2026_jan_apr,0.8,3.0,3.0,24,62,3170.5514177785717,797.1210590602932,1.6812281190700575,0.5806451612903226,True
cus1.0_pt2.5_sl2.5_hz6,ytd_2026_jan_apr,1.0,2.5,2.5,6,44,3166.2530643940977,755.6129840264985,2.1137340476533986,0.6363636363636364,True
cus0.8_pt2.5_sl3.0_hz18,ytd_2026_jan_apr,0.8,2.5,3.0,18,61,3159.497278559372,934.9800000000032,1.8779179162822344,0.7049180327868853,True
cus0.8_pt2.5_sl2.0_hz24,ytd_2026_jan_apr,0.8,2.5,2.0,24,104,3152.478471966654,1424.3362805605357,1.3741126552606877,0.5576923076923077,True
cus0.8_pt2.5_sl2.5_hz6,ytd_2026_jan_apr,0.8,2.5,2.5,6,93,3143.2907890523643,1140.8925208325963,1.3905462479960202,0.6021505376344086,True
cus0.6_pt3.0_sl2.5_hz12,ytd_2026_jan_apr,0.6,3.0,2.5,12,79,3139.311367516107,985.628490333831,1.5886955342216553,0.5949367088607594,True
cus0.8_pt3.0_sl2.5_hz12,ytd_2026_jan_apr,0.8,3.0,2.5,12,62,3138.2542281839246,776.3121277869577,1.7312776119091677,0.5806451612903226,True
cus0.6_pt2.5_sl3.0_hz12,ytd_2026_jan_apr,0.6,2.5,3.0,12,40,3135.0386276172967,307.4800000000032,3.3505414703012066,0.8,True
cus1.0_pt3.5_sl3.0_hz18,ytd_2026_jan_apr,1.0,3.5,3.0,18,47,3133.5241539677995,1112.8154080433815,1.8850589131014757,0.7021276595744681,True
cus0.8_pt3.0_sl2.5_hz18,ytd_2026_jan_apr,0.8,3.0,2.5,18,70,3130.2658522652164,1054.8063478437834,1.5764000543195986,0.6,True
cus0.6_pt2.5_sl2.0_hz6,ytd_2026_jan_apr,0.6,2.5,2.0,6,48,3126.932074806168,318.3982422613408,2.433066494199728,0.6666666666666666,True
cus0.6_pt2.5_sl2.5_hz12,ytd_2026_jan_apr,0.6,2.5,2.5,12,63,3117.8985086684474,464.15455277453293,1.9998142932055742,0.6507936507936508,True
cus0.6_pt2.5_sl2.5_hz6,ytd_2026_jan_apr,0.6,2.5,2.5,6,54,3108.439571881816,949.8010735088174,2.0928622401788504,0.6666666666666666,True
cus0.8_pt2.5_sl3.0_hz24,ytd_2026_jan_apr,0.8,2.5,3.0,24,35,3106.9570921457516,474.33431052909145,3.009539856390595,0.6857142857142857,True
cus1.0_pt2.5_sl3.0_hz12,ytd_2026_jan_apr,1.0,2.5,3.0,12,34,3095.148595236522,459.7922700114432,3.5117235588833213,0.7647058823529411,True
cus1.0_pt3.0_sl3.0_hz24,ytd_2026_jan_apr,1.0,3.0,3.0,24,50,3089.107646355401,1014.6511760955327,1.9384634315031932,0.64,True
cus1.0_pt2.5_sl3.0_hz18,ytd_2026_jan_apr,1.0,2.5,3.0,18,46,3088.226927387717,467.4800000000032,2.4493305908301304,0.6956521739130435,True
cus0.8_pt3.0_sl3.0_hz18,ytd_2026_jan_apr,0.8,3.0,3.0,18,63,3087.5249399396375,1008.4408144783374,1.5426398553503808,0.6190476190476191,True
cus1.0_pt3.5_sl2.0_hz24,ytd_2026_jan_apr,1.0,3.5,2.0,24,78,3086.608139306772,1068.727936057854,1.4855509849195316,0.44871794871794873,True
cus0.8_pt2.5_sl2.0_hz18,ytd_2026_jan_apr,0.8,2.5,2.0,18,69,3082.3266808576323,762.4769900413303,1.757352169405118,0.5652173913043478,True
cus0.8_pt2.5_sl2.0_hz12,ytd_2026_jan_apr,0.8,2.5,2.0,12,108,3079.9347896717836,1068.591518237925,1.379314146446117,0.5370370370370371,True
cus0.8_pt2.5_sl2.0_hz6,ytd_2026_jan_apr,0.8,2.5,2.0,6,67,3078.0114221609974,967.9117686696409,1.6644798804303322,0.5671641791044776,True
cus1.0_pt3.5_sl3.0_hz12,ytd_2026_jan_apr,1.0,3.5,3.0,12,35,3074.666134656902,519.4230030509716,2.5606144600273506,0.6285714285714286,True
cus0.8_pt3.5_sl2.0_hz24,ytd_2026_jan_apr,0.8,3.5,2.0,24,70,3069.83066828359,813.3183997430897,1.594268413138018,0.4857142857142857,True
cus0.6_pt2.5_sl2.5_hz18,ytd_2026_jan_apr,0.6,2.5,2.5,18,48,3065.892201023712,467.4800000000032,2.2261770824008273,0.6875,True
cus0.8_pt3.5_sl3.0_hz24,ytd_2026_jan_apr,0.8,3.5,3.0,24,54,3063.8544653620083,1198.799368342894,1.8054116009608883,0.5925925925925926,True
cus1.0_pt2.5_sl2.0_hz18,ytd_2026_jan_apr,1.0,2.5,2.0,18,61,3063.4458915010023,512.3535326246929,1.8625716578414566,0.5901639344262295,True
cus1.0_pt3.0_sl2.0_hz18,ytd_2026_jan_apr,1.0,3.0,2.0,18,81,3061.1345476862766,871.9814621870246,1.4805812641014475,0.48148148148148145,True
cus1.0_pt3.0_sl2.0_hz12,ytd_2026_jan_apr,1.0,3.0,2.0,12,67,3059.866590904439,805.9851383638088,1.731636266708224,0.5223880597014925,True
cus1.0_pt3.0_sl3.0_hz12,ytd_2026_jan_apr,1.0,3.0,3.0,12,34,3055.889635837573,806.1091924866632,2.606074256400025,0.6764705882352942,True
cus0.8_pt2.5_sl2.5_hz12,ytd_2026_jan_apr,0.8,2.5,2.5,12,43,3053.3699680759923,402.73559790060244,2.7468529555171726,0.6976744186046512,True
cus0.6_pt3.0_sl2.0_hz24,ytd_2026_jan_apr,0.6,3.0,2.0,24,87,3047.133838501531,1165.5790362150801,1.4537377231498056,0.5402298850574713,True
cus0.8_pt3.0_sl3.0_hz6,ytd_2026_jan_apr,0.8,3.0,3.0,6,35,3046.4347477003075,529.4230030509716,2.680176128853448,0.6857142857142857,True
cus0.8_pt2.5_sl3.0_hz6,ytd_2026_jan_apr,0.8,2.5,3.0,6,38,3045.7333205721256,862.5164882622121,2.825845114496977,0.7368421052631579,True
cus0.6_pt3.5_sl2.5_hz12,ytd_2026_jan_apr,0.6,3.5,2.5,12,65,3041.3937854338096,693.1676968222964,1.7532350355496042,0.5538461538461539,True
cus0.8_pt2.5_sl2.5_hz18,ytd_2026_jan_apr,0.8,2.5,2.5,18,36,3038.933789532947,400.40961032719497,2.8539693075179517,0.6111111111111112,True
cus0.8_pt2.5_sl3.0_hz12,ytd_2026_jan_apr,0.8,2.5,3.0,12,31,3034.9042492923954,284.9800000000032,3.864209903322526,0.7741935483870968,True
cus0.6_pt3.0_sl3.0_hz12,ytd_2026_jan_apr,0.6,3.0,3.0,12,37,3027.8613128761704,467.4800000000032,2.4601666477581925,0.7297297297297297,True
cus1.0_pt3.0_sl2.5_hz12,ytd_2026_jan_apr,1.0,3.0,2.5,12,67,3024.3611047281224,1137.8293728588033,1.5900073692273426,0.5522388059701493,True
cus1.0_pt3.0_sl3.0_hz6,ytd_2026_jan_apr,1.0,3.0,3.0,6,37,3020.421322018495,1015.7693946292202,2.1256001908833073,0.7027027027027027,True
cus0.6_pt2.5_sl3.0_hz24,ytd_2026_jan_apr,0.6,2.5,3.0,24,44,3019.823793019634,649.5961631822865,2.142433660575633,0.6363636363636364,True
cus0.6_pt2.5_sl2.0_hz18,ytd_2026_jan_apr,0.6,2.5,2.0,18,45,3019.653567297954,406.47544173774804,2.252424779249351,0.6,True
cus0.6_pt3.5_sl3.0_hz24,ytd_2026_jan_apr,0.6,3.5,3.0,24,58,3014.8243188718516,1325.2954080433847,1.6460244627537293,0.5517241379310345,True
cus0.8_pt3.5_sl2.5_hz24,ytd_2026_jan_apr,0.8,3.5,2.5,24,66,3011.947549940236,1311.5231783015042,1.605072705886693,0.5909090909090909,True
cus0.6_pt3.0_sl2.0_hz6,ytd_2026_jan_apr,0.6,3.0,2.0,6,40,3001.551878957553,464.5953353673176,2.8091048786789763,0.625,True
cus0.8_pt3.5_sl2.5_hz18,ytd_2026_jan_apr,0.8,3.5,2.5,18,76,1207.4185109962575,1627.128649483173,1.1760305554054575,0.5263157894736842,True
cus0.8_pt3.5_sl2.5_hz12,ytd_2026_jan_apr,0.8,3.5,2.5,12,80,1111.7721979268763,1838.434222508833,1.1683051709722458,0.5125,True
cus0.6_pt3.0_sl2.0_hz12,ytd_2026_jan_apr,0.6,3.0,2.0,12,130,899.9701357129526,1427.0086276613147,1.0723401256855127,0.45384615384615384,True
cus1.0_pt3.0_sl2.5_hz6,ytd_2026_jan_apr,1.0,3.0,2.5,6,74,802.8498349293825,1371.9082389005052,1.0972519316741367,0.5,True
cus0.8_pt3.0_sl2.5_hz6,ytd_2026_jan_apr,0.8,3.0,2.5,6,73,665.8479750066474,1968.1398778573202,1.093091751259727,0.5616438356164384,True
cus0.6_pt3.5_sl2.5_hz24,ytd_2026_jan_apr,0.6,3.5,2.5,24,88,649.2147528988203,1443.8947055377648,1.0787855870618506,0.48863636363636365,True
cus1.0_pt3.0_sl2.0_hz6,ytd_2026_jan_apr,1.0,3.0,2.0,6,68,641.4297635520188,1464.900857339744,1.1001370054275688,0.45588235294117646,True
cus0.6_pt3.5_sl2.0_hz6,ytd_2026_jan_apr,0.6,3.5,2.0,6,56,365.8290074361946,1558.1750443533238,1.0729651030587541,0.4642857142857143,True
cus0.6_pt3.5_sl2.5_hz18,ytd_2026_jan_apr,0.6,3.5,2.5,18,90,154.84856803487355,1585.753782191743,1.0165641918898705,0.5,True
cus0.8_pt3.5_sl2.0_hz12,ytd_2026_jan_apr,0.8,3.5,2.0,12,51,-15.865297100943707,1529.8622761099468,0.9961743183752945,0.39215686274509803,True
cus1.0_pt2.5_sl2.5_hz24,ytd_2026_jan_apr,1.0,2.5,2.5,24,33,-67.38749541953233,1540.5858304619833,0.9757708108901892,0.5454545454545454,True
cus1.0_pt3.5_sl2.0_hz18,ytd_2026_jan_apr,1.0,3.5,2.0,18,76,-128.7154016296072,1810.8950332552777,0.98194262455703,0.40789473684210525,True
cus0.8_pt3.0_sl2.0_hz12,ytd_2026_jan_apr,0.8,3.0,2.0,12,60,-216.67822191883647,1548.986902485558,0.9551158193549817,0.43333333333333335,True
cus1.0_pt2.5_sl2.0_hz12,ytd_2026_jan_apr,1.0,2.5,2.0,12,116,-227.34830341712052,1675.8033100311877,0.9777170012375347,0.49137931034482757,True
cus0.6_pt3.0_sl3.0_hz6,ytd_2026_jan_apr,0.6,3.0,3.0,6,17,-250.1853754140088,1627.2396174125388,0.8665558010748634,0.6470588235294118,True
cus1.0_pt3.5_sl3.0_hz24,ytd_2026_jan_apr,1.0,3.5,3.0,24,18,-301.38173195031493,1624.7396174125388,0.8616592377018939,0.4444444444444444,True
cus1.0_pt2.5_sl2.0_hz6,ytd_2026_jan_apr,1.0,2.5,2.0,6,76,-358.398979696841,2353.0748650605747,0.9530395243567031,0.5526315789473685,True
cus0.6_pt3.5_sl2.0_hz24,ytd_2026_jan_apr,0.6,3.5,2.0,24,28,-450.3834289256297,1590.2255085784345,0.8306557903694883,0.42857142857142855,True
cus1.0_pt3.5_sl2.5_hz12,ytd_2026_jan_apr,1.0,3.5,2.5,12,71,-581.0618292580133,1404.9060716746608,0.9156658809756101,0.4225352112676056,True
cus1.0_pt3.5_sl2.5_hz18,ytd_2026_jan_apr,1.0,3.5,2.5,18,73,-611.8211419635443,1798.8716337261576,0.9228358544369482,0.4657534246575342,True
cus1.0_pt3.5_sl2.0_hz12,ytd_2026_jan_apr,1.0,3.5,2.0,12,41,-643.0989310449185,1556.4711952582584,0.8135905093511117,0.4146341463414634,True
cus1.0_pt2.5_sl2.0_hz24,ytd_2026_jan_apr,1.0,2.5,2.0,24,31,-656.8522909658523,1730.9854599789833,0.7775679906262457,0.4838709677419355,True
cus0.8_pt3.5_sl2.0_hz6,ytd_2026_jan_apr,0.8,3.5,2.0,6,51,-665.3062897205646,1673.3621557719598,0.8695920002939277,0.45098039215686275,True
cus0.6_pt3.0_sl2.5_hz6,ytd_2026_jan_apr,0.6,3.0,2.5,6,23,-767.7174110750393,1633.9628069524188,0.6851933986549125,0.4782608695652174,True
cus0.6_pt3.5_sl2.0_hz12,ytd_2026_jan_apr,0.6,3.5,2.0,12,46,-817.8357409401327,1610.4332749991809,0.8155295315658929,0.41304347826086957,True
cus1.0_pt3.5_sl2.0_hz6,ytd_2026_jan_apr,1.0,3.5,2.0,6,51,-832.3359378443716,1507.4600000000064,0.8595893881826048,0.39215686274509803,True
cus0.8_pt3.5_sl3.0_hz6,ytd_2026_jan_apr,0.8,3.5,3.0,6,19,-855.3484099201116,1575.165688946152,0.660926194176019,0.3684210526315789,True
cus0.6_pt3.5_sl2.5_hz6,ytd_2026_jan_apr,0.6,3.5,2.5,6,23,-868.3851360752243,1606.6345527745361,0.6548895708075385,0.43478260869565216,True
cus0.8_pt3.5_sl2.5_hz6,ytd_2026_jan_apr,0.8,3.5,2.5,6,47,-977.3358390856181,1612.8209476908014,0.8155347736422466,0.425531914893617,True
cus1.0_pt3.0_sl2.5_hz24,ytd_2026_jan_apr,1.0,3.0,2.5,24,27,-1017.6096772826724,1578.5491951372824,0.6659646686324981,0.4074074074074074,True
cus0.8_pt3.0_sl2.0_hz18,ytd_2026_jan_apr,0.8,3.0,2.0,18,51,-1018.8508483012617,1575.0021541064998,0.7800958980168746,0.43137254901960786,True
cus1.0_pt3.5_sl3.0_hz6,ytd_2026_jan_apr,1.0,3.5,3.0,6,21,-1089.49847401343,1601.221938073155,0.601516085265463,0.42857142857142855,True
cus0.8_pt3.0_sl2.0_hz24,ytd_2026_jan_apr,0.8,3.0,2.0,24,31,-1113.3467642897804,1808.2347565511445,0.6765107588026175,0.41935483870967744,True
cus1.0_pt3.5_sl2.5_hz24,ytd_2026_jan_apr,1.0,3.5,2.5,24,22,-1116.7542283910993,1751.734344866607,0.5711195373768894,0.36363636363636365,True
cus0.8_pt3.5_sl2.0_hz18,ytd_2026_jan_apr,0.8,3.5,2.0,18,27,-1127.7325578374264,1570.3611289685578,0.5942712526419046,0.3333333333333333,True
cus1.0_pt3.5_sl2.5_hz6,ytd_2026_jan_apr,1.0,3.5,2.5,6,23,-1213.9568158977665,1782.312006459404,0.5863079890787207,0.391304347826087,True
cus0.6_pt3.5_sl2.0_hz18,ytd_2026_jan_apr,0.6,3.5,2.0,18,48,-1224.98793146116,1692.3307983567938,0.7422735937824523,0.375,True
cus0.8_pt3.0_sl2.5_hz24,ytd_2026_jan_apr,0.8,3.0,2.5,24,29,-1425.3323200743944,1563.395888656487,0.583051912523736,0.4827586206896552,True
cus1.0_pt3.0_sl2.0_hz24,ytd_2026_jan_apr,1.0,3.0,2.0,24,31,-1427.5528677549382,1524.5633481835393,0.5173249400329872,0.2903225806451613,True
cus0.6_pt3.0_sl2.5_hz24,ytd_2026_jan_apr,0.6,3.0,2.5,24,27,-1962.4985512359044,2181.6913299065127,0.4023137388323688,0.4074074074074074,True
