entry_time,exit_time,direction,contracts,entry_price,exit_price,pnl,reason,stop_ticks,score,confidence,atr_ticks,vol_percentile
2013-05-22 18:45:00+00:00,2013-05-22 19:45:00+00:00,long,1,1655.0,1650.75,-27.2,TIME_EXIT,48,0.43600877568047586,0.0883612723188203,14.142857142857142,0.67
2013-10-30 18:25:00+00:00,2013-10-30 19:25:00+00:00,long,1,1756.25,1757.75,1.5499999999999998,TIME_EXIT,48,0.43885079477549416,0.07481671534497636,11.642857142857142,1.0
2014-01-29 19:15:00+00:00,2014-01-29 20:15:00+00:00,long,1,1771.5,1766.25,-32.2,TIME_EXIT,48,0.4349880123393012,0.06777643288246199,12.428571428571429,0.65
2014-09-17 18:50:00+00:00,2014-09-17 19:50:00+00:00,long,1,1994.25,1994.0,-7.2,TIME_EXIT,48,0.43768283196460916,0.08099182425036927,14.571428571428571,0.78
2014-10-10 18:45:00+00:00,2014-10-10 19:45:00+00:00,long,1,1914.0,1905.75,-47.2,TIME_EXIT,48,0.439394220506218,0.07486721460318968,11.857142857142858,0.1
2014-10-13 18:50:00+00:00,2014-10-13 19:30:00+00:00,long,1,1894.25,1882.25,-65.95,CATASTOP,48,0.4349362678478877,0.07035074602889863,11.571428571428571,0.28
2014-10-14 18:30:00+00:00,2014-10-14 19:30:00+00:00,long,1,1877.75,1871.0,-39.7,TIME_EXIT,48,0.4358452664918631,0.06961872665145524,13.857142857142858,0.42
2014-10-17 18:15:00+00:00,2014-10-17 19:15:00+00:00,long,1,1872.75,1881.5,37.8,TIME_EXIT,48,0.43930922666571587,0.08757716724816905,12.5,0.2
2014-12-10 19:35:00+00:00,2014-12-10 20:35:00+00:00,long,1,2030.0,2033.75,12.8,TIME_EXIT,48,0.43833221912427917,0.08159286139762129,12.214285714285714,0.28
2014-12-11 19:00:00+00:00,2014-12-11 19:50:00+00:00,long,1,2052.25,2037.5,-79.7,CATASTOP,48,0.43728398084219544,0.09821276147126468,12.571428571428571,0.03
2014-12-18 19:35:00+00:00,2014-12-18 20:35:00+00:00,long,1,2038.0,2047.25,40.3,TIME_EXIT,48,0.43675107923750855,0.16189421732650566,7.142857142857143,0.12
2015-01-07 19:20:00+00:00,2015-01-07 20:20:00+00:00,long,1,2019.0,2016.75,-17.2,TIME_EXIT,48,0.43490351760270984,0.09303508105256342,11.785714285714286,0.07
2015-01-16 19:45:00+00:00,2015-01-16 20:45:00+00:00,long,1,2000.5,2011.5,49.05,TIME_EXIT,48,0.4355147777398948,0.12024441522892965,8.428571428571429,0.03
2015-02-03 19:30:00+00:00,2015-02-03 20:30:00+00:00,long,1,2034.0,2039.75,22.8,TIME_EXIT,48,0.43501417259356673,0.09999729459107343,10.5,0.16
2015-07-08 18:50:00+00:00,2015-07-08 19:50:00+00:00,long,1,2041.75,2041.25,-8.45,TIME_EXIT,48,0.43895327909123366,0.07182036980520473,12.0,0.19
2015-08-27 17:45:00+00:00,2015-08-27 18:30:00+00:00,long,1,1981.5,1969.0,-68.45,CATASTOP,48,0.4379403629151718,0.1363049092920111,12.571428571428571,0.17
2015-08-31 18:20:00+00:00,2015-08-31 19:20:00+00:00,long,1,1968.0,1966.0,-15.95,TIME_EXIT,48,0.43520020008836247,0.08382626623379308,10.785714285714286,0.09
2015-09-02 18:35:00+00:00,2015-09-02 19:35:00+00:00,long,1,1933.75,1934.0,-4.7,TIME_EXIT,48,0.44415612770976726,0.08923250821476308,13.0,0.03
2015-09-09 18:50:00+00:00,2015-09-09 19:50:00+00:00,long,1,1952.25,1941.25,-60.95,TIME_EXIT,48,0.4367458999634189,0.07415473484578822,12.714285714285714,0.38
2015-09-10 18:40:00+00:00,2015-09-10 19:40:00+00:00,long,1,1958.0,1945.25,-69.7,CATASTOP,48,0.43668790125715645,0.08932969739793567,13.857142857142858,0.4
2015-09-25 18:25:00+00:00,2015-09-25 18:50:00+00:00,long,1,1931.0,1917.5,-73.45,CATASTOP,48,0.4383008101970685,0.0936281199917588,9.285714285714286,0.34
2015-10-02 18:15:00+00:00,2015-10-02 19:15:00+00:00,long,1,1920.75,1928.75,34.05,TIME_EXIT,48,0.43739573900011436,0.09315772633353148,13.142857142857142,0.28
2015-10-07 18:40:00+00:00,2015-10-07 19:40:00+00:00,long,1,1981.0,1983.5,6.55,TIME_EXIT,48,0.4362824520264517,0.08788405898193907,12.357142857142858,0.32
2015-10-08 18:50:00+00:00,2015-10-08 19:50:00+00:00,long,1,1998.75,2004.25,21.55,TIME_EXIT,48,0.4382124276776231,0.0733404942655475,14.571428571428571,0.04
2015-10-22 18:25:00+00:00,2015-10-22 19:25:00+00:00,long,1,2036.0,2044.75,37.8,TIME_EXIT,48,0.4374282849275874,0.1476682327567515,8.214285714285714,0.03
2015-10-28 18:10:00+00:00,2015-10-28 19:10:00+00:00,long,1,2062.75,2072.75,44.05,TIME_EXIT,48,0.4351095147924037,0.08124040670498978,9.928571428571429,1.0
2016-01-06 19:50:00+00:00,2016-01-06 20:50:00+00:00,long,1,1976.75,1979.75,9.05,TIME_EXIT,48,0.43805626122057373,0.06732384686652676,12.928571428571429,0.63
2016-01-08 19:45:00+00:00,2016-01-08 20:45:00+00:00,long,1,1927.0,1918.5,-48.45,TIME_EXIT,48,0.4380836352262246,0.07138338557495394,12.714285714285714,0.26
2016-01-14 19:25:00+00:00,2016-01-14 20:25:00+00:00,long,1,1915.0,1925.0,44.05,TIME_EXIT,48,0.4366730627450713,0.0819045732323867,14.928571428571429,0.4
2016-01-21 18:30:00+00:00,2016-01-21 19:15:00+00:00,long,1,1869.25,1856.0,-72.2,CATASTOP,48,0.4372844742417125,0.09224969211321538,15.285714285714286,0.23
2016-01-22 19:35:00+00:00,2016-01-22 20:35:00+00:00,long,1,1895.0,1894.75,-7.2,TIME_EXIT,48,0.43562491376506407,0.09692408869517805,9.642857142857142,0.16
2016-01-25 19:50:00+00:00,2016-01-25 20:35:00+00:00,long,1,1884.25,1871.25,-70.95,CATASTOP,48,0.4362210358353231,0.07407260711342561,10.714285714285714,0.08
2016-01-26 19:40:00+00:00,2016-01-26 20:40:00+00:00,long,1,1890.75,1893.75,9.05,TIME_EXIT,48,0.4358668368268774,0.10043011573175942,8.928571428571429,0.03
2016-01-28 19:50:00+00:00,2016-01-28 20:50:00+00:00,long,1,1886.5,1887.25,-2.2,TIME_EXIT,48,0.4397250202791819,0.07804281022169479,15.214285714285714,0.4
2016-02-04 19:10:00+00:00,2016-02-04 20:10:00+00:00,long,1,1902.0,1903.75,2.8,TIME_EXIT,48,0.434864402850711,0.07592950094857193,13.785714285714286,0.08
2016-02-10 19:05:00+00:00,2016-02-10 20:05:00+00:00,long,1,1862.5,1863.0,-3.45,TIME_EXIT,48,0.4353090240593927,0.08213718933365799,13.928571428571429,0.06
2016-02-11 19:35:00+00:00,2016-02-11 20:35:00+00:00,long,1,1807.5,1827.75,95.3,TIME_EXIT,48,0.43643204530275276,0.061872159640149915,14.357142857142858,0.11
2016-02-26 19:45:00+00:00,2016-02-26 20:45:00+00:00,long,1,1943.75,1948.5,17.8,TIME_EXIT,48,0.4381017956498437,0.08124754469339346,10.285714285714286,0.3
2016-03-04 19:50:00+00:00,2016-03-04 20:50:00+00:00,long,1,1995.0,1997.75,7.8,TIME_EXIT,48,0.4349131270201506,0.11732448895692721,8.857142857142858,0.61
2016-04-11 18:50:00+00:00,2016-04-11 19:50:00+00:00,long,1,2046.75,2036.5,-57.2,TIME_EXIT,48,0.43503265336810126,0.08184670902675562,10.285714285714286,0.22
2016-06-15 18:35:00+00:00,2016-06-15 19:35:00+00:00,long,1,2070.75,2072.0,0.2999999999999998,TIME_EXIT,48,0.43486637396841904,0.07574077536965357,11.428571428571429,0.39
2016-11-09 19:05:00+00:00,2016-11-09 20:05:00+00:00,long,1,2153.75,2162.25,36.55,TIME_EXIT,48,0.43492399927257475,0.09511359653617485,14.571428571428571,0.52
2016-11-10 19:30:00+00:00,2016-11-10 20:30:00+00:00,long,1,2170.5,2166.5,-25.95,TIME_EXIT,48,0.4363663502358942,0.0878413607617316,13.642857142857142,0.15
2017-06-09 18:50:00+00:00,2017-06-09 19:50:00+00:00,long,1,2419.75,2427.0,30.3,TIME_EXIT,48,0.43535938215695374,0.07344842024613374,12.785714285714286,1.0
2017-06-14 18:50:00+00:00,2017-06-14 19:50:00+00:00,long,1,2430.0,2434.5,16.55,TIME_EXIT,48,0.43625580180306056,0.07357829547651912,10.5,1.0
2018-01-16 19:50:00+00:00,2018-01-16 20:50:00+00:00,long,1,2772.25,2781.5,40.3,TIME_EXIT,48,0.43978844899115743,0.0819588936574332,11.928571428571429,0.56
2018-01-25 19:45:00+00:00,2018-01-25 20:45:00+00:00,long,1,2837.0,2839.5,6.55,TIME_EXIT,48,0.43581640370911146,0.09388168806701719,9.142857142857142,0.29
2018-01-31 19:30:00+00:00,2018-01-31 20:30:00+00:00,long,1,2823.5,2821.5,-15.95,TIME_EXIT,48,0.4405170367810901,0.07190416018921708,11.571428571428571,0.34
2018-02-01 19:30:00+00:00,2018-02-01 20:30:00+00:00,long,1,2819.25,2816.75,-18.45,TIME_EXIT,48,0.4365847122350839,0.0936745999555263,10.642857142857142,0.53
2018-02-13 19:45:00+00:00,2018-02-13 20:45:00+00:00,long,1,2658.5,2663.0,16.55,TIME_EXIT,48,0.43886196677358624,0.08723874114663133,12.571428571428571,0.41
2018-02-14 19:25:00+00:00,2018-02-14 20:25:00+00:00,long,1,2693.25,2697.75,16.55,TIME_EXIT,48,0.43669248436620967,0.09626474976904448,13.785714285714286,0.23
2018-02-15 19:30:00+00:00,2018-02-15 20:30:00+00:00,long,1,2720.75,2725.25,16.55,TIME_EXIT,48,0.43561144938737645,0.11440204173565482,12.142857142857142,0.19
2018-02-23 19:45:00+00:00,2018-02-23 20:45:00+00:00,long,1,2728.0,2744.0,74.05,TIME_EXIT,48,0.4354468547953947,0.09828471601479077,9.0,0.08
2018-02-28 19:35:00+00:00,2018-02-28 20:00:00+00:00,long,1,2753.5,2739.75,-74.7,CATASTOP,48,0.4409695494023257,0.0784447647086085,13.642857142857142,0.12
2018-03-05 18:55:00+00:00,2018-03-05 19:55:00+00:00,long,1,2714.25,2721.0,27.8,TIME_EXIT,48,0.43757959046738854,0.10297538691252722,12.5,0.02
2018-03-06 19:30:00+00:00,2018-03-06 20:30:00+00:00,long,1,2723.0,2727.0,14.05,TIME_EXIT,48,0.438634640144353,0.08856379818497995,13.5,0.35
2018-03-12 18:50:00+00:00,2018-03-12 19:50:00+00:00,long,1,2785.5,2793.25,32.8,TIME_EXIT,48,0.43934083655021294,0.08678408862185938,9.714285714285714,0.06
2018-03-13 18:45:00+00:00,2018-03-13 19:40:00+00:00,long,1,2776.75,2763.5,-72.2,CATASTOP,48,0.43793996189472434,0.06462927342922614,14.142857142857142,0.42
2018-03-14 18:50:00+00:00,2018-03-14 19:50:00+00:00,long,1,2749.25,2752.25,9.05,TIME_EXIT,48,0.43669213498083387,0.0730171044389033,13.642857142857142,0.79
2018-03-15 18:05:00+00:00,2018-03-15 19:05:00+00:00,long,1,2746.0,2752.5,26.55,TIME_EXIT,48,0.43501665722052424,0.08241929480204652,10.5,0.07
2018-03-29 18:05:00+00:00,2018-03-29 19:05:00+00:00,long,1,2640.75,2657.0,75.3,TIME_EXIT,48,0.4352111047945162,0.08430628812192686,14.428571428571429,0.04
2018-04-05 17:20:00+00:00,2018-04-05 18:20:00+00:00,long,1,2663.75,2660.25,-23.45,TIME_EXIT,48,0.43587447894665715,0.09505351591775713,14.5,0.01
2018-04-09 18:10:00+00:00,2018-04-09 19:10:00+00:00,long,1,2647.75,2644.25,-23.45,TIME_EXIT,48,0.43768793146552,0.10724627099809825,10.928571428571429,0.09
2018-04-16 18:30:00+00:00,2018-04-16 19:30:00+00:00,long,1,2679.75,2680.25,-3.45,TIME_EXIT,48,0.43695959756866415,0.13446482974571622,8.857142857142858,0.2
2018-04-23 18:35:00+00:00,2018-04-23 19:35:00+00:00,long,1,2662.75,2666.75,14.05,TIME_EXIT,48,0.4367476983209145,0.07192093884707867,11.5,0.14
2018-04-25 18:10:00+00:00,2018-04-25 19:10:00+00:00,long,1,2632.5,2641.25,37.8,TIME_EXIT,48,0.43595983856361903,0.07686431020490997,15.428571428571429,0.23
2018-04-30 18:50:00+00:00,2018-04-30 19:50:00+00:00,long,1,2655.0,2654.0,-10.95,TIME_EXIT,48,0.4350360004610251,0.06363708073977226,12.142857142857142,0.33
2018-05-02 18:30:00+00:00,2018-05-02 19:25:00+00:00,long,1,2653.0,2637.75,-82.2,CATASTOP,48,0.43686282748876115,0.09005424959851738,10.857142857142858,0.15
2018-05-08 18:40:00+00:00,2018-05-08 19:40:00+00:00,long,1,2663.75,2668.75,19.05,TIME_EXIT,48,0.4362325730535966,0.060940353722378604,14.857142857142858,0.62
2018-06-11 18:50:00+00:00,2018-06-11 19:50:00+00:00,long,1,2790.25,2789.75,-8.45,TIME_EXIT,48,0.4350589990510669,0.11533308645268331,9.785714285714286,0.27
2018-07-05 18:45:00+00:00,2018-07-05 19:45:00+00:00,long,1,2731.0,2736.75,22.8,TIME_EXIT,48,0.4372326679701448,0.09416678238094817,12.571428571428571,0.64
2018-09-14 18:50:00+00:00,2018-09-14 19:50:00+00:00,long,1,2908.25,2912.0,12.8,TIME_EXIT,48,0.4348991441019955,0.10162574484315579,10.642857142857142,0.13
2018-10-09 18:35:00+00:00,2018-10-09 19:35:00+00:00,long,1,2889.75,2887.25,-18.45,TIME_EXIT,48,0.43599340822317384,0.0814584295163836,13.285714285714286,0.32
2018-10-15 18:10:00+00:00,2018-10-15 19:10:00+00:00,long,1,2770.5,2769.25,-12.2,TIME_EXIT,48,0.4387057084561875,0.08648156853644157,14.142857142857142,0.06
2018-10-16 18:50:00+00:00,2018-10-16 19:50:00+00:00,long,1,2806.75,2812.75,24.05,TIME_EXIT,48,0.4368858890811851,0.10996999804490876,11.0,0.21
2018-10-31 18:05:00+00:00,2018-10-31 19:05:00+00:00,long,1,2727.75,2736.25,36.55,TIME_EXIT,48,0.4409708057464368,0.10283771964853555,14.5,0.04
2018-11-01 18:10:00+00:00,2018-11-01 19:10:00+00:00,long,1,2730.5,2734.0,11.55,TIME_EXIT,48,0.4351580296538708,0.08369802854064251,12.285714285714286,0.04
2018-11-06 19:35:00+00:00,2018-11-06 20:35:00+00:00,long,1,2739.0,2747.75,37.8,TIME_EXIT,48,0.4366284040292714,0.09780064740811734,9.142857142857142,0.32
2018-11-08 19:35:00+00:00,2018-11-08 20:35:00+00:00,long,1,2801.5,2800.75,-9.7,TIME_EXIT,48,0.43831077584439915,0.06896196522844467,14.714285714285714,0.84
2018-11-28 19:20:00+00:00,2018-11-28 20:20:00+00:00,long,1,2729.75,2731.25,1.5499999999999998,TIME_EXIT,48,0.4362906711364506,0.09556679606131685,14.071428571428571,0.53
2018-11-29 19:45:00+00:00,2018-11-29 20:45:00+00:00,long,1,2747.25,2746.5,-9.7,TIME_EXIT,48,0.4365690730314741,0.09065166666121827,12.428571428571429,0.18
2018-12-03 19:15:00+00:00,2018-12-03 20:15:00+00:00,long,1,2780.25,2791.75,51.55,TIME_EXIT,48,0.4372935815967511,0.0779201941382312,14.285714285714286,0.48
2018-12-12 19:00:00+00:00,2018-12-12 19:30:00+00:00,long,1,2676.25,2663.5,-69.7,CATASTOP,48,0.43802975136719086,0.10433346809665467,11.071428571428571,0.05
2018-12-18 19:00:00+00:00,2018-12-18 19:45:00+00:00,long,1,2557.25,2543.75,-73.45,CATASTOP,48,0.4389854595414491,0.08086501884637098,14.571428571428571,0.03
2018-12-19 18:55:00+00:00,2018-12-19 19:00:00+00:00,long,1,2574.0,2558.5,-83.45,CATASTOP,48,0.4355203234152966,0.09608022352594892,14.214285714285714,0.13
2018-12-31 19:05:00+00:00,2018-12-31 20:05:00+00:00,long,1,2493.25,2498.25,19.05,TIME_EXIT,48,0.4399379974468455,0.0819094010394193,14.785714285714286,0.17
2019-01-04 18:45:00+00:00,2019-01-04 19:45:00+00:00,long,1,2529.5,2531.75,5.3,TIME_EXIT,48,0.4397836940852188,0.0954154636884989,15.285714285714286,0.1
2019-01-07 18:55:00+00:00,2019-01-07 19:55:00+00:00,long,1,2556.75,2548.75,-45.95,TIME_EXIT,48,0.44164215132350804,0.09667043691091592,13.428571428571429,0.26
2019-01-08 19:35:00+00:00,2019-01-08 20:35:00+00:00,long,1,2569.25,2576.25,29.05,TIME_EXIT,48,0.4382616782863953,0.08886717425701457,14.0,0.09
2019-01-09 19:20:00+00:00,2019-01-09 20:20:00+00:00,long,1,2593.0,2593.0,-5.95,TIME_EXIT,48,0.4356605111201408,0.09379928196805876,12.785714285714286,0.34
2019-01-15 19:35:00+00:00,2019-01-15 20:35:00+00:00,long,1,2597.75,2606.5,37.8,TIME_EXIT,48,0.4369175529687801,0.0978154235478107,10.857142857142858,0.69
2019-01-18 19:30:00+00:00,2019-01-18 20:30:00+00:00,long,1,2667.5,2667.0,-8.45,TIME_EXIT,48,0.435695390187488,0.13080084598011776,10.071428571428571,0.25
2019-01-23 19:45:00+00:00,2019-01-23 20:45:00+00:00,long,1,2630.25,2636.75,26.55,TIME_EXIT,48,0.436595234345801,0.07557969047545021,13.357142857142858,0.45
2019-01-25 19:30:00+00:00,2019-01-25 20:30:00+00:00,long,1,2664.0,2659.5,-28.45,TIME_EXIT,48,0.4358674428540812,0.12168890286407502,8.785714285714286,0.02
2019-01-31 19:50:00+00:00,2019-01-31 20:50:00+00:00,long,1,2698.25,2700.25,4.05,TIME_EXIT,48,0.43635081553865834,0.10731047230592877,9.5,0.01
2019-02-20 19:45:00+00:00,2019-02-20 20:45:00+00:00,long,1,2782.5,2784.5,4.05,TIME_EXIT,48,0.4371859612672592,0.08072281066628184,15.071428571428571,1.0
2019-05-01 18:45:00+00:00,2019-05-01 19:45:00+00:00,long,1,2939.75,2932.25,-43.45,TIME_EXIT,48,0.44642915198032823,0.07271362596686676,14.357142857142858,1.0
2019-05-08 18:20:00+00:00,2019-05-08 19:20:00+00:00,long,1,2889.0,2896.0,29.05,TIME_EXIT,48,0.4349789672178721,0.09422333289919971,10.5,0.01
2019-05-14 18:50:00+00:00,2019-05-14 19:45:00+00:00,long,1,2850.75,2837.25,-73.45,CATASTOP,48,0.4366904599871108,0.09973310902989402,9.142857142857142,0.2
2019-05-17 18:40:00+00:00,2019-05-17 19:10:00+00:00,long,1,2874.0,2860.5,-73.45,CATASTOP,48,0.4353179167259404,0.07169864661421926,11.285714285714286,0.21
2019-05-30 18:45:00+00:00,2019-05-30 19:45:00+00:00,long,1,2778.75,2787.0,35.3,TIME_EXIT,48,0.43791699075626866,0.07848161811242044,9.857142857142858,0.03
2019-06-04 18:40:00+00:00,2019-06-04 19:40:00+00:00,long,1,2792.5,2796.0,11.55,TIME_EXIT,48,0.4357308656042783,0.1486623409105916,8.928571428571429,0.04
2019-06-17 18:45:00+00:00,2019-06-17 19:45:00+00:00,long,1,2899.75,2896.25,-23.45,TIME_EXIT,48,0.4364517111039273,0.10651726407265039,10.642857142857142,0.06
2019-07-31 18:30:00+00:00,2019-07-31 18:40:00+00:00,long,1,3010.0,2998.0,-65.95,CATASTOP,48,0.43763586782547903,0.07615588475063267,13.5,0.77
2019-08-01 17:35:00+00:00,2019-08-01 17:40:00+00:00,long,1,2990.25,2972.0,-97.2,CATASTOP,48,0.44063934252399317,0.07962472305407864,13.785714285714286,0.82
2019-08-06 18:10:00+00:00,2019-08-06 19:10:00+00:00,long,1,2863.75,2873.25,41.55,TIME_EXIT,48,0.4352844616216476,0.08022475417765607,14.642857142857142,0.05
2019-08-08 18:15:00+00:00,2019-08-08 19:15:00+00:00,long,1,2926.5,2927.0,-3.45,TIME_EXIT,48,0.4376116870758872,0.12687446685442222,10.785714285714286,0.17
2019-08-09 18:40:00+00:00,2019-08-09 19:40:00+00:00,long,1,2923.25,2931.0,32.8,TIME_EXIT,48,0.4357915265990711,0.09200708331687396,12.071428571428571,0.39
2019-08-12 18:45:00+00:00,2019-08-12 19:45:00+00:00,long,1,2880.25,2884.5,15.3,TIME_EXIT,48,0.4360466298678854,0.062451416938776094,11.5,0.02
2019-10-03 18:45:00+00:00,2019-10-03 19:45:00+00:00,long,1,2905.0,2903.75,-12.2,TIME_EXIT,48,0.4371845017007367,0.11526362482968361,9.428571428571429,0.07
2019-10-07 18:40:00+00:00,2019-10-07 19:40:00+00:00,long,1,2945.75,2942.75,-20.95,TIME_EXIT,48,0.437191182824006,0.08104284804496104,13.642857142857142,0.85
2019-10-08 18:35:00+00:00,2019-10-08 19:35:00+00:00,long,1,2913.75,2908.25,-33.45,TIME_EXIT,48,0.43651101795866576,0.06799548718147391,12.928571428571429,0.11
2019-10-10 18:15:00+00:00,2019-10-10 19:15:00+00:00,long,1,2934.5,2935.75,0.2999999999999998,TIME_EXIT,48,0.4385077438504755,0.06817479529114884,13.642857142857142,0.73
2019-10-11 18:25:00+00:00,2019-10-11 19:25:00+00:00,long,1,2986.25,2989.0,7.8,TIME_EXIT,48,0.4348512005216602,0.097916199121929,13.285714285714286,0.2
2019-10-30 18:45:00+00:00,2019-10-30 19:45:00+00:00,long,1,3030.25,3043.25,59.05,TIME_EXIT,48,0.4354648468484994,0.062327257918526946,14.071428571428571,1.0
2019-12-12 19:50:00+00:00,2019-12-12 20:50:00+00:00,long,1,3165.0,3173.0,34.05,TIME_EXIT,48,0.43518884365312066,0.07938429553884435,14.357142857142858,0.75
2019-12-13 19:40:00+00:00,2019-12-13 20:40:00+00:00,long,1,3171.5,3173.25,2.8,TIME_EXIT,48,0.4353599161406662,0.08874986799203677,11.142857142857142,0.44
2020-01-14 19:25:00+00:00,2020-01-14 20:25:00+00:00,long,1,3281.25,3282.75,1.5499999999999998,TIME_EXIT,48,0.43536580024035204,0.08108596810693669,15.285714285714286,0.99
2020-01-27 19:45:00+00:00,2020-01-27 20:45:00+00:00,long,1,3254.75,3247.5,-42.2,TIME_EXIT,48,0.43507624817703544,0.07459207551819313,11.0,0.2
2020-01-29 19:50:00+00:00,2020-01-29 20:50:00+00:00,long,1,3287.25,3276.0,-62.2,TIME_EXIT,48,0.4385746830356851,0.08680482662789052,11.571428571428571,0.54
2020-02-03 19:40:00+00:00,2020-02-03 20:40:00+00:00,long,1,3246.5,3253.5,29.05,TIME_EXIT,48,0.43915388029953245,0.07443384063546449,11.714285714285714,0.1
2020-04-27 17:25:00+00:00,2020-04-27 18:25:00+00:00,long,1,2861.5,2868.0,26.55,TIME_EXIT,48,0.4348682218931406,0.08962590301057316,13.785714285714286,0.07
2020-04-27 18:30:00+00:00,2020-04-27 19:30:00+00:00,long,1,2868.25,2874.5,25.3,TIME_EXIT,48,0.44094990110262683,0.10453358599365331,13.214285714285714,0.02
2020-04-29 18:05:00+00:00,2020-04-29 19:05:00+00:00,long,1,2933.5,2941.25,32.8,TIME_EXIT,48,0.4459071684366961,0.10585421472357448,14.928571428571429,0.41
2020-05-05 18:05:00+00:00,2020-05-05 19:05:00+00:00,long,1,2883.75,2887.0,10.3,TIME_EXIT,48,0.4351454926785775,0.12060154082233004,12.071428571428571,0.16
2020-05-07 18:00:00+00:00,2020-05-07 19:00:00+00:00,long,1,2885.0,2872.5,-68.45,CATASTOP,48,0.43730032476722264,0.09426703714020118,12.0,0.01
2020-05-08 18:15:00+00:00,2020-05-08 19:15:00+00:00,long,1,2908.5,2914.25,22.8,TIME_EXIT,48,0.4355176943523541,0.09788496743036645,11.571428571428571,0.18
2020-05-11 18:35:00+00:00,2020-05-11 19:35:00+00:00,long,1,2928.5,2929.5,-0.9500000000000002,TIME_EXIT,48,0.4402365093889603,0.09891906319045979,12.714285714285714,0.63
2020-05-18 18:25:00+00:00,2020-05-18 19:25:00+00:00,long,1,2952.75,2953.25,-3.45,TIME_EXIT,48,0.4419860126256731,0.14274493260542542,12.142857142857142,0.15
2020-05-19 18:45:00+00:00,2020-05-19 19:00:00+00:00,long,1,2955.0,2940.5,-78.45,CATASTOP,48,0.43600844696352503,0.1140389185431962,10.5,0.01
2020-05-22 18:50:00+00:00,2020-05-22 19:50:00+00:00,long,1,2946.5,2947.75,0.2999999999999998,TIME_EXIT,48,0.438355297904455,0.08669492619721114,10.642857142857142,0.26
2020-05-28 18:10:00+00:00,2020-05-28 19:10:00+00:00,long,1,3061.5,3055.0,-38.45,TIME_EXIT,48,0.4379179675897731,0.10569776653374224,11.928571428571429,0.15
2020-06-05 18:10:00+00:00,2020-06-05 19:10:00+00:00,long,1,3201.25,3190.75,-58.45,TIME_EXIT,48,0.44307006667070903,0.1045810255946486,13.642857142857142,0.13
2020-06-09 18:40:00+00:00,2020-06-09 19:40:00+00:00,long,1,3208.5,3217.0,36.55,TIME_EXIT,48,0.43582332662875006,0.08280424197740932,11.214285714285714,0.465
2020-06-18 18:15:00+00:00,2020-06-18 19:15:00+00:00,long,1,3096.0,3088.75,-42.2,TIME_EXIT,48,0.4356376490380383,0.0660855341819439,13.642857142857142,0.15
2020-06-22 18:10:00+00:00,2020-06-22 19:10:00+00:00,long,1,3098.5,3108.5,44.05,TIME_EXIT,48,0.44119254171057887,0.09030319755269467,11.642857142857142,0.03
2020-06-23 18:05:00+00:00,2020-06-23 19:05:00+00:00,long,1,3137.5,3130.25,-42.2,TIME_EXIT,48,0.43561944994817847,0.09861988534094424,11.5,0.13
2020-06-29 18:25:00+00:00,2020-06-29 19:25:00+00:00,long,1,3034.5,3026.5,-45.95,TIME_EXIT,48,0.4359174150783183,0.10971009363668344,10.285714285714286,0.03
2020-07-01 18:50:00+00:00,2020-07-01 19:50:00+00:00,long,1,3103.0,3112.25,40.3,TIME_EXIT,48,0.4551146994289145,0.09466305301984829,15.428571428571429,0.26
2020-07-02 18:25:00+00:00,2020-07-02 19:25:00+00:00,long,1,3135.75,3134.75,-10.95,TIME_EXIT,48,0.43515512386105887,0.09142291683730325,10.785714285714286,0.01
2020-07-06 18:45:00+00:00,2020-07-06 19:45:00+00:00,long,1,3161.5,3165.0,11.55,TIME_EXIT,48,0.4368207644227986,0.0923010732874997,11.142857142857142,0.46
2020-07-07 18:40:00+00:00,2020-07-07 19:40:00+00:00,long,1,3152.0,3145.25,-39.7,TIME_EXIT,48,0.4365583455560748,0.07073697689296088,12.357142857142858,0.54
2020-07-09 18:40:00+00:00,2020-07-09 19:40:00+00:00,long,1,3142.75,3136.5,-37.2,TIME_EXIT,48,0.43596692635596257,0.0730280574651016,14.571428571428571,0.28
2020-07-10 18:45:00+00:00,2020-07-10 19:45:00+00:00,long,1,3166.25,3172.5,25.3,TIME_EXIT,48,0.4353496061739518,0.12146268271810856,10.785714285714286,0.02
2020-07-13 18:05:00+00:00,2020-07-13 18:10:00+00:00,long,1,3219.0,3206.5,-68.45,CATASTOP,48,0.4363295685491883,0.12150305412391987,11.571428571428571,0.1
2020-07-16 18:40:00+00:00,2020-07-16 19:00:00+00:00,long,1,3203.75,3191.75,-65.95,CATASTOP,48,0.43846619084158983,0.0861472974919989,12.285714285714286,0.19
2020-07-22 18:45:00+00:00,2020-07-22 19:45:00+00:00,long,1,3257.0,3266.75,42.8,TIME_EXIT,48,0.4353308963970796,0.08034839752713668,12.571428571428571,0.24
2020-07-30 18:15:00+00:00,2020-07-30 19:15:00+00:00,long,1,3235.5,3236.25,-2.2,TIME_EXIT,48,0.43826923721587613,0.09041711272973307,13.642857142857142,0.32
2020-07-31 18:40:00+00:00,2020-07-31 19:40:00+00:00,long,1,3227.75,3247.0,90.3,TIME_EXIT,48,0.43490127951891866,0.06217014847726465,15.214285714285714,0.29
2020-08-10 18:50:00+00:00,2020-08-10 19:50:00+00:00,long,1,3348.25,3350.25,4.05,TIME_EXIT,48,0.4377826036226484,0.09789255328001162,9.785714285714286,0.05
2020-08-11 18:30:00+00:00,2020-08-11 19:15:00+00:00,long,1,3364.5,3352.5,-65.95,CATASTOP,48,0.4368715731853123,0.08223270145888084,12.142857142857142,0.75
2020-08-13 18:30:00+00:00,2020-08-13 19:30:00+00:00,long,1,3366.75,3369.25,6.55,TIME_EXIT,48,0.44006635227096014,0.07199481743227387,14.0,0.79
2020-08-14 18:50:00+00:00,2020-08-14 19:50:00+00:00,long,1,3366.25,3361.25,-30.95,TIME_EXIT,48,0.4361094889829299,0.10455364599066241,9.071428571428571,0.24
2020-08-19 18:35:00+00:00,2020-08-19 19:35:00+00:00,long,1,3379.25,3378.5,-9.7,TIME_EXIT,48,0.43550713705799154,0.07614832814271655,12.5,1.0
2020-09-15 18:15:00+00:00,2020-09-15 19:15:00+00:00,long,1,3395.75,3386.5,-52.2,TIME_EXIT,48,0.43851440886881166,0.08908724754751318,11.285714285714286,0.01
2020-09-25 18:35:00+00:00,2020-09-25 19:35:00+00:00,long,1,3275.25,3285.0,42.8,TIME_EXIT,48,0.4401525922758189,0.0845549519371877,14.642857142857142,0.06
2020-09-28 18:40:00+00:00,2020-09-28 19:40:00+00:00,long,1,3346.0,3340.5,-33.45,TIME_EXIT,48,0.4427774196110711,0.11859201315577111,12.0,0.24
2020-10-05 18:45:00+00:00,2020-10-05 19:45:00+00:00,long,1,3385.5,3395.75,45.3,TIME_EXIT,48,0.4349463496991385,0.08375775277412412,10.428571428571429,0.24
2020-10-09 18:45:00+00:00,2020-10-09 19:45:00+00:00,long,1,3464.5,3463.75,-9.7,TIME_EXIT,48,0.4375025072820461,0.09301788563575303,11.285714285714286,0.51
2020-10-15 18:30:00+00:00,2020-10-15 19:30:00+00:00,long,1,3468.25,3475.75,31.55,TIME_EXIT,48,0.4368631357970202,0.0851668253261908,13.785714285714286,0.02
2020-10-16 18:40:00+00:00,2020-10-16 19:40:00+00:00,long,1,3497.0,3484.25,-69.7,CATASTOP,48,0.43712805225847184,0.09520326591549205,11.5,0.03
2020-10-23 18:50:00+00:00,2020-10-23 19:50:00+00:00,long,1,3447.75,3455.75,34.05,TIME_EXIT,48,0.4367779212519683,0.09246831827245966,9.857142857142858,0.02
2020-11-03 18:40:00+00:00,2020-11-03 19:40:00+00:00,long,1,3362.75,3362.75,-5.95,TIME_EXIT,48,0.4384261197474837,0.0805262819406411,15.071428571428571,0.02
2020-11-06 19:30:00+00:00,2020-11-06 20:30:00+00:00,long,1,3506.0,3502.0,-25.95,TIME_EXIT,48,0.43840098315685966,0.09197290088118826,11.428571428571429,0.01
2020-11-11 19:05:00+00:00,2020-11-11 19:50:00+00:00,long,1,3570.5,3551.75,-99.7,CATASTOP,48,0.43765963762664917,0.10729914638458843,11.0,0.02
2020-11-13 19:10:00+00:00,2020-11-13 20:10:00+00:00,long,1,3570.0,3575.0,19.05,TIME_EXIT,48,0.435394522712525,0.09210504597324809,11.928571428571429,0.09
2020-11-16 18:45:00+00:00,2020-11-16 19:45:00+00:00,long,1,3599.75,3610.25,46.55,TIME_EXIT,48,0.43516838991962165,0.0830608936441406,15.285714285714286,0.5
2020-11-16 19:50:00+00:00,2020-11-16 20:50:00+00:00,long,1,3610.25,3614.0,12.8,TIME_EXIT,48,0.4350170679029804,0.07552140160246623,14.357142857142858,0.61
2020-11-17 19:30:00+00:00,2020-11-17 20:20:00+00:00,long,1,3617.0,3604.0,-70.95,CATASTOP,48,0.4363030204150202,0.09511846946015923,12.285714285714286,0.17
2020-11-18 19:20:00+00:00,2020-11-18 20:20:00+00:00,long,1,3596.5,3595.25,-12.2,TIME_EXIT,48,0.43551833107820276,0.07471466937246052,13.928571428571429,0.51
2020-11-20 19:45:00+00:00,2020-11-20 20:45:00+00:00,long,1,3569.5,3566.25,-22.2,TIME_EXIT,48,0.4383667756858912,0.0828603281171093,10.571428571428571,0.19
2020-11-23 19:25:00+00:00,2020-11-23 20:25:00+00:00,long,1,3565.25,3577.5,55.3,TIME_EXIT,48,0.43763537433783095,0.0689651976502973,13.142857142857142,0.16
2020-11-24 19:10:00+00:00,2020-11-24 20:10:00+00:00,long,1,3633.0,3632.75,-7.2,TIME_EXIT,48,0.4351197002433501,0.09636385374493306,12.785714285714286,0.345
2020-11-25 19:40:00+00:00,2020-11-25 20:40:00+00:00,long,1,3623.75,3627.75,14.05,TIME_EXIT,48,0.43576560215945415,0.08074019774863339,12.142857142857142,0.35
2020-11-30 19:45:00+00:00,2020-11-30 20:45:00+00:00,long,1,3613.25,3615.5,5.3,TIME_EXIT,48,0.43762048751847354,0.08792999257870848,12.285714285714286,0.28
2020-12-01 19:35:00+00:00,2020-12-01 20:10:00+00:00,long,1,3671.5,3659.5,-65.95,CATASTOP,48,0.43629719507992776,0.1024163735326476,10.857142857142858,0.11
2020-12-10 19:10:00+00:00,2020-12-10 20:10:00+00:00,long,1,3665.75,3662.75,-20.95,TIME_EXIT,48,0.4372072484490844,0.06050564752585058,14.285714285714286,0.01
2020-12-16 19:35:00+00:00,2020-12-16 20:35:00+00:00,long,1,3687.0,3702.25,70.3,TIME_EXIT,48,0.43580790930035795,0.07216397445125877,12.785714285714286,0.46
2020-12-22 19:45:00+00:00,2020-12-22 20:45:00+00:00,long,1,3678.5,3676.5,-15.95,TIME_EXIT,48,0.4412440064308731,0.09201554343581902,10.285714285714286,0.15
2021-01-05 19:40:00+00:00,2021-01-05 20:30:00+00:00,long,1,3726.75,3714.25,-68.45,CATASTOP,48,0.4354789058256386,0.08785806721060235,13.571428571428571,0.1
2021-01-06 19:00:00+00:00,2021-01-06 19:25:00+00:00,long,1,3770.75,3751.25,-103.45,CATASTOP,48,0.43724035659220356,0.10345360875733745,15.071428571428571,0.43
2021-01-07 19:45:00+00:00,2021-01-07 20:45:00+00:00,long,1,3795.5,3800.25,17.8,TIME_EXIT,48,0.4353618672362755,0.10694900740917579,10.214285714285714,0.02
2021-01-11 19:05:00+00:00,2021-01-11 20:05:00+00:00,long,1,3795.5,3799.0,11.55,TIME_EXIT,48,0.4349494502385501,0.07943925861740969,13.0,0.2
2021-01-12 19:40:00+00:00,2021-01-12 20:40:00+00:00,long,1,3795.5,3793.25,-17.2,TIME_EXIT,48,0.4355289911328659,0.0719202097027411,13.571428571428571,0.31
2021-01-13 19:25:00+00:00,2021-01-13 20:25:00+00:00,long,1,3810.5,3803.25,-42.2,TIME_EXIT,48,0.43495189371359255,0.10088338153095772,10.857142857142858,0.01
2021-01-15 19:40:00+00:00,2021-01-15 20:40:00+00:00,long,1,3774.5,3768.25,-37.2,TIME_EXIT,48,0.43505166822013835,0.0738240496562047,14.428571428571429,0.51
2021-02-02 19:45:00+00:00,2021-02-02 20:45:00+00:00,long,1,3833.75,3827.25,-38.45,TIME_EXIT,48,0.43711808229672316,0.12184657759403694,10.571428571428571,0.09
2021-02-17 19:35:00+00:00,2021-02-17 20:35:00+00:00,long,1,3917.25,3927.25,44.05,TIME_EXIT,48,0.4359992531840923,0.08229885696460565,12.071428571428571,0.35
2021-02-24 19:00:00+00:00,2021-02-24 20:00:00+00:00,long,1,3921.5,3916.75,-29.7,TIME_EXIT,48,0.43696633958831255,0.09912599863814614,14.714285714285714,0.03
2021-03-01 18:50:00+00:00,2021-03-01 19:50:00+00:00,long,1,3898.25,3910.75,56.55,TIME_EXIT,48,0.43523808959108,0.11583583672040154,14.5,0.15
2021-03-09 19:30:00+00:00,2021-03-09 20:30:00+00:00,long,1,3892.75,3891.0,-14.7,TIME_EXIT,48,0.44401777027278494,0.10644352765522985,12.071428571428571,0.31
2021-03-11 18:50:00+00:00,2021-03-11 19:50:00+00:00,long,1,3949.0,3944.75,-27.2,TIME_EXIT,48,0.43927689701323896,0.0972481620246669,14.571428571428571,0.21
2021-03-18 18:20:00+00:00,2021-03-18 18:35:00+00:00,long,1,3938.75,3921.75,-90.95,CATASTOP,48,0.43824888473499496,0.06723238923902791,15.214285714285714,0.45
2021-03-19 18:10:00+00:00,2021-03-19 19:10:00+00:00,long,1,3915.0,3913.5,-13.45,TIME_EXIT,48,0.43738161468758757,0.08422522131082238,14.642857142857142,0.05
2021-03-23 18:30:00+00:00,2021-03-23 19:00:00+00:00,long,1,3923.0,3909.0,-75.95,CATASTOP,48,0.4353575542907652,0.06958596283786661,15.357142857142858,0.68
2021-03-26 17:45:00+00:00,2021-03-26 18:15:00+00:00,long,1,3925.25,3908.0,-92.2,CATASTOP,48,0.4376168069547649,0.10351471681021163,13.0,0.1
2021-03-30 18:25:00+00:00,2021-03-30 19:25:00+00:00,long,1,3947.5,3954.5,29.05,TIME_EXIT,48,0.43570568148266653,0.07271155750538622,13.642857142857142,0.04
2021-03-31 18:45:00+00:00,2021-03-31 19:45:00+00:00,long,1,3976.5,3969.75,-39.7,TIME_EXIT,48,0.44270199665352566,0.10616019911893304,11.0,0.33
2021-04-15 18:50:00+00:00,2021-04-15 19:50:00+00:00,long,1,4160.5,4163.75,10.3,TIME_EXIT,48,0.4354971754622634,0.1144181854444099,9.071428571428571,0.06
2021-04-20 18:40:00+00:00,2021-04-20 19:40:00+00:00,long,1,4115.25,4126.75,51.55,TIME_EXIT,48,0.4357581658953034,0.06175482250662662,12.071428571428571,0.11
2021-04-28 18:35:00+00:00,2021-04-28 19:35:00+00:00,long,1,4180.0,4182.5,6.55,TIME_EXIT,48,0.43532163399611584,0.07436176819281348,13.071428571428571,0.5
2021-04-30 18:30:00+00:00,2021-04-30 19:30:00+00:00,long,1,4172.75,4178.25,21.55,TIME_EXIT,48,0.4361833117710227,0.06448083592657916,13.714285714285714,0.35
2021-05-05 18:50:00+00:00,2021-05-05 19:25:00+00:00,long,1,4172.75,4155.5,-92.2,CATASTOP,48,0.43538770403847027,0.09796317233028373,10.714285714285714,0.3
2021-05-06 18:20:00+00:00,2021-05-06 19:20:00+00:00,long,1,4168.25,4169.5,0.2999999999999998,TIME_EXIT,48,0.4469452027040722,0.08342989196341977,15.285714285714286,0.22
2021-05-07 18:10:00+00:00,2021-05-07 19:10:00+00:00,long,1,4221.5,4227.0,21.55,TIME_EXIT,48,0.43636491183275555,0.09173504315245662,11.928571428571429,0.13
2021-05-10 18:20:00+00:00,2021-05-10 18:45:00+00:00,long,1,4208.5,4196.5,-65.95,CATASTOP,48,0.4351582247425937,0.07622887178168142,12.5,0.69
