batch,exp_id,status,architecture,labeling_method,sample_weight,cv_method,calibration,feature_set,median_test_auc,median_train_auc,std_test_auc,median_pr_auc,median_brier,pct_signals_055,pct_signals_060,est_trades_per_day,train_test_gap,n_successful_folds,score_auc,score_signal_quality,score_calibration,score_stability,final_score
batch1,batch1_exp_00005,SUCCESS,triple_barrier,triple_barrier,uniqueness_decay,kfold,none,baseline,0.5257060743684361,0.725341459598535,0.012138768836838443,0.5026811947120361,0.25161696210064594,0.21535087719298246,0.06707584392810172,8.699889258028794,0.2035390019074857,5,0.5257060743684361,0.21535087719298246,0.7483830378993541,1.0,0.52456430048514
batch1,batch1_exp_00021,SUCCESS,trend_scanning,trend_scanning,uniqueness_decay,kfold,none,baseline_fracdiff,0.5335503488415476,0.8995447133311989,0.07121527162455117,0.5515174556403677,0.25578404145860895,0.5473908413205538,0.4057507987220447,8.989943156974203,0.34907363174048456,5,0.5335503488415476,0.5473908413205538,0.744215958541391,0.1819389242921802,0.5446744760702814
batch1,batch1_exp_00041,SUCCESS,trend_scanning_adaptive,trend_scanning_adaptive,uniqueness_decay,kfold,none,baseline_fracdiff,0.5335503488415476,0.8995447133311989,0.07121527162455117,0.5515174556403677,0.25578404145860895,0.5473908413205538,0.4057507987220447,8.989943156974203,0.34907363174048456,5,0.5335503488415476,0.5473908413205538,0.744215958541391,0.1819389242921802,0.5446744760702814
batch1,batch1_exp_00045,SUCCESS,trend_scanning_adaptive,trend_scanning_adaptive,uniqueness_decay,kfold,none,baseline_fracdiff,0.523627347480363,0.892706824145751,0.01526598005054137,0.4906473644202566,0.2584797300449292,0.33663366336633666,0.20242024202420242,5.444839857651245,0.3742917681256566,5,0.523627347480363,0.33663366336633666,0.7415202699550708,0.8077452939210482,0.5395196213851652
batch1,batch1_exp_00084,SUCCESS,trend_scanning_adaptive,trend_scanning_adaptive,uniqueness_decay,kfold,none,baseline_fracdiff,0.523627347480363,0.892706824145751,0.01526598005054137,0.4906473644202566,0.2584797300449292,0.33663366336633666,0.20242024202420242,5.444839857651245,0.3742917681256566,5,0.523627347480363,0.33663366336633666,0.7415202699550708,0.8077452939210482,0.5395196213851652
batch1,batch1_exp_00093,SUCCESS,trend_scanning_adaptive,trend_scanning_adaptive,uniqueness_decay,kfold,none,baseline_fracdiff,0.5335503488415476,0.8995447133311989,0.07121527162455117,0.5515174556403677,0.25578404145860895,0.5473908413205538,0.4057507987220447,8.989943156974203,0.34907363174048456,5,0.5335503488415476,0.5473908413205538,0.744215958541391,0.1819389242921802,0.5446744760702814
batch1,batch1_exp_00097,SUCCESS,trend_scanning_adaptive,trend_scanning_adaptive,uniqueness_decay,kfold,none,baseline,0.5295842417863318,0.9090490196480979,0.02313665555019768,0.6210516694209617,0.24880905054254246,0.7374301675977654,0.6312849162011173,11.558669001751312,0.3858631531912596,5,0.5295842417863318,0.7374301675977654,0.7511909494574576,0.5443491874635812,0.637735855631712
batch1,batch1_exp_00107,SUCCESS,trend_scanning_adaptive,trend_scanning_adaptive,uniqueness_decay,kfold,none,baseline,0.5295842417863318,0.9090490196480979,0.02313665555019768,0.6210516694209617,0.24880905054254246,0.7374301675977654,0.6312849162011173,11.558669001751312,0.3858631531912596,5,0.5295842417863318,0.7374301675977654,0.7511909494574576,0.5443491874635812,0.637735855631712
batch1,batch1_exp_00113,SUCCESS,trend_scanning_adaptive,trend_scanning_adaptive,uniqueness_decay,kfold,none,baseline,0.5436145207626012,0.9025705233929118,0.07252753312337192,0.5570625369639663,0.25479311655652165,0.5399361022364217,0.3961661341853035,8.867512024486228,0.351247693199062,5,0.5436145207626012,0.5399361022364217,0.7452068834434784,0.17869182167165723,0.5463371978318284
batch1,batch1_exp_00131,SUCCESS,trend_scanning_adaptive,trend_scanning_adaptive,uniqueness_decay,kfold,none,baseline_fracdiff,0.5335503488415476,0.8995447133311989,0.07121527162455117,0.5515174556403677,0.25578404145860895,0.5473908413205538,0.4057507987220447,8.989943156974203,0.34907363174048456,5,0.5335503488415476,0.5473908413205538,0.744215958541391,0.1819389242921802,0.5446744760702814
batch1,batch1_exp_00144,SUCCESS,triple_barrier,triple_barrier,uniqueness_decay,kfold,none,baseline,0.5257060743684361,0.725341459598535,0.012138768836838443,0.5026811947120361,0.25161696210064594,0.21535087719298246,0.06707584392810172,8.699889258028794,0.2035390019074857,5,0.5257060743684361,0.21535087719298246,0.7483830378993541,1.0,0.52456430048514
batch1,batch1_exp_00159,SUCCESS,trend_scanning_adaptive,trend_scanning_adaptive,uniqueness_decay,kfold,none,baseline,0.5436145207626012,0.9025705233929118,0.07252753312337192,0.5570625369639663,0.25479311655652165,0.5399361022364217,0.3961661341853035,8.867512024486228,0.351247693199062,5,0.5436145207626012,0.5399361022364217,0.7452068834434784,0.17869182167165723,0.5463371978318284
batch3,batch3_exp_00012,SUCCESS,meta_labeling,trend_scanning,uniqueness_decay,cpcv,isotonic,unknown,0.5223551414367075,0.9049792525038438,0.07557200315685958,0.539957104403298,0.29417687279634014,0.20862239841427155,0.166005946481665,3.3133514986376023,0.35511448456484934,9,0.5223551414367075,0.20862239841427155,0.7058231272036599,0.17158711141359803,0.4298521126810563
batch3,batch3_exp_00017,SUCCESS,meta_labeling,trend_scanning,uniqueness_decay,cpcv,isotonic,unknown,0.5247571490376134,0.9047725836972023,0.07442763220195293,0.5421918268076893,0.29295330338433717,0.21655104063429137,0.17542120911793854,3.653405994550409,0.3526281071372832,9,0.5247571490376134,0.21655104063429137,0.7070466966156628,0.17419039221144028,0.43369655034960936
batch3,batch3_exp_00029,SUCCESS,meta_labeling,trend_scanning,uniqueness_decay,cpcv,isotonic,unknown,0.5239007526236379,0.904901568484326,0.07343849625572163,0.5411317220605112,0.292293495669722,0.22497522299306244,0.1759167492566898,3.7071899210774024,0.3526780955233032,9,0.5239007526236379,0.22497522299306244,0.7077065043302779,0.17650502760966974,0.43624467157439645
batch3,batch3_exp_00033,SUCCESS,meta_labeling,trend_scanning,uniqueness_decay,cpcv,isotonic,unknown,0.5247571490376134,0.9047725836972023,0.07442763220195293,0.5421918268076893,0.29295330338433717,0.21655104063429137,0.17542120911793854,3.653405994550409,0.3526281071372832,9,0.5247571490376134,0.21655104063429137,0.7070466966156628,0.17419039221144028,0.43369655034960936
batch3,batch3_exp_00055,SUCCESS,meta_labeling,trend_scanning,uniqueness_decay,cpcv,isotonic,unknown,0.5247571490376134,0.9047725836972023,0.07372964149758232,0.5421918268076893,0.29295330338433717,0.21655104063429137,0.17542120911793854,3.6185286103542236,0.35240967369775844,9,0.5247571490376134,0.21655104063429137,0.7070466966156628,0.17581736742659893,0.43385924787112523
batch3,batch3_exp_00094,SUCCESS,meta_labeling,trend_scanning,uniqueness_decay,cpcv,isotonic,unknown,0.5247571490376134,0.9047725836972023,0.07442763220195293,0.5421918268076893,0.29295330338433717,0.21655104063429137,0.17542120911793854,3.653405994550409,0.3526281071372832,9,0.5247571490376134,0.21655104063429137,0.7070466966156628,0.17419039221144028,0.43369655034960936
batch3,batch3_exp_00095,SUCCESS,meta_labeling,trend_scanning,uniqueness_decay,cpcv,isotonic,unknown,0.5239007526236379,0.904901568484326,0.07481595850872032,0.5411317220605112,0.29236991886530667,0.22497522299306244,0.17542120911793854,3.7187748895807697,0.352506653239861,9,0.5239007526236379,0.22497522299306244,0.7076300811346934,0.17329819599032345,0.4359087037733449
batch3,batch3_exp_00097,SUCCESS,meta_labeling,trend_scanning,uniqueness_decay,cpcv,isotonic,unknown,0.5247571490376134,0.9047725836972023,0.07442763220195293,0.5421918268076893,0.29295330338433717,0.21655104063429137,0.17542120911793854,3.653405994550409,0.3526281071372832,9,0.5247571490376134,0.21655104063429137,0.7070466966156628,0.17419039221144028,0.43369655034960936
batch3,batch3_exp_00098,SUCCESS,meta_labeling,trend_scanning,uniqueness_decay,cpcv,isotonic,unknown,0.520911741894538,0.9052210989797008,0.07490268859601484,0.5381057967733701,0.2950371383246165,0.2066402378592666,0.16650148662041625,3.2871934604904633,0.35688036360668324,9,0.520911741894538,0.2066402378592666,0.7049628616753836,0.17310017708026584,0.4286593581586985
batch3,batch3_exp_00099,SUCCESS,meta_labeling,trend_scanning,uniqueness_decay,cpcv,isotonic,unknown,0.5239007526236379,0.904901568484326,0.07343849625572163,0.5411317220605112,0.292293495669722,0.22497522299306244,0.1759167492566898,3.7071899210774024,0.3526780955233032,9,0.5239007526236379,0.22497522299306244,0.7077065043302779,0.17650502760966974,0.43624467157439645
batch3,batch3_exp_00100,SUCCESS,meta_labeling,trend_scanning,uniqueness_decay,cpcv,isotonic,unknown,0.5239007526236379,0.904901568484326,0.07481595850872032,0.5411317220605112,0.29236991886530667,0.22497522299306244,0.17542120911793854,3.7187748895807697,0.352506653239861,9,0.5239007526236379,0.22497522299306244,0.7076300811346934,0.17329819599032345,0.4359087037733449
batch3,batch3_exp_00107,SUCCESS,meta_labeling,trend_scanning,uniqueness_decay,cpcv,isotonic,unknown,0.5239007526236379,0.904901568484326,0.07343849625572163,0.5411317220605112,0.292293495669722,0.22497522299306244,0.1759167492566898,3.7071899210774024,0.3526780955233032,9,0.5239007526236379,0.22497522299306244,0.7077065043302779,0.17650502760966974,0.43624467157439645
batch3,batch3_exp_00109,SUCCESS,meta_labeling,trend_scanning,uniqueness_decay,cpcv,isotonic,unknown,0.5239007526236379,0.904901568484326,0.07343849625572163,0.5411317220605112,0.292293495669722,0.22497522299306244,0.1759167492566898,3.7071899210774024,0.3526780955233032,9,0.5239007526236379,0.22497522299306244,0.7077065043302779,0.17650502760966974,0.43624467157439645
batch3,batch3_exp_00116,SUCCESS,meta_labeling,trend_scanning,uniqueness_decay,cpcv,isotonic,unknown,0.5247571490376134,0.9047725836972023,0.07372964149758232,0.5421918268076893,0.29295330338433717,0.21655104063429137,0.17542120911793854,3.6185286103542236,0.35240967369775844,9,0.5247571490376134,0.21655104063429137,0.7070466966156628,0.17581736742659893,0.43385924787112523
batch3,batch3_exp_00133,SUCCESS,meta_labeling,trend_scanning,uniqueness_decay,cpcv,isotonic,unknown,0.520911741894538,0.9052210989797008,0.07490268859601484,0.5381057967733701,0.2950371383246165,0.2066402378592666,0.16650148662041625,3.2871934604904633,0.35688036360668324,9,0.520911741894538,0.2066402378592666,0.7049628616753836,0.17310017708026584,0.4286593581586985
batch3,batch3_exp_00134,SUCCESS,meta_labeling,trend_scanning,uniqueness_decay,cpcv,isotonic,unknown,0.520274125692188,0.9066648491537572,0.07465558911121167,0.5383290490878008,0.2949810515013604,0.19722497522299307,0.16253716551040634,3.138964577656676,0.3558778618948081,9,0.520274125692188,0.19722497522299307,0.7050189484986396,0.17366554131942333,0.4256474866754434
batch3,batch3_exp_00153,SUCCESS,meta_labeling,trend_scanning,uniqueness_decay,cpcv,isotonic,unknown,0.520911741894538,0.9052210989797008,0.07490268859601484,0.5381057967733701,0.2950371383246165,0.2066402378592666,0.16650148662041625,3.2871934604904633,0.35688036360668324,9,0.520911741894538,0.2066402378592666,0.7049628616753836,0.17310017708026584,0.4286593581586985
batch3,batch3_exp_00159,SUCCESS,meta_labeling,trend_scanning,uniqueness_decay,cpcv,isotonic,unknown,0.5247571490376134,0.9047725836972023,0.07372964149758232,0.5421918268076893,0.29295330338433717,0.21655104063429137,0.17542120911793854,3.6185286103542236,0.35240967369775844,9,0.5247571490376134,0.21655104063429137,0.7070466966156628,0.17581736742659893,0.43385924787112523
batch3,batch3_exp_00180,SUCCESS,meta_labeling,trend_scanning,uniqueness_decay,cpcv,isotonic,unknown,0.5239007526236379,0.904901568484326,0.07343849625572163,0.5411317220605112,0.292293495669722,0.22497522299306244,0.1759167492566898,3.7071899210774024,0.3526780955233032,9,0.5239007526236379,0.22497522299306244,0.7077065043302779,0.17650502760966974,0.43624467157439645
batch3,batch3_exp_00185,SUCCESS,meta_labeling,trend_scanning,uniqueness_decay,cpcv,isotonic,unknown,0.5247571490376134,0.9047725836972023,0.07372964149758232,0.5421918268076893,0.29295330338433717,0.21655104063429137,0.17542120911793854,3.6185286103542236,0.35240967369775844,9,0.5247571490376134,0.21655104063429137,0.7070466966156628,0.17581736742659893,0.43385924787112523
batch3,batch3_exp_00191,SUCCESS,meta_labeling,trend_scanning,uniqueness_decay,cpcv,isotonic,unknown,0.5239007526236379,0.904901568484326,0.07481595850872032,0.5411317220605112,0.29236991886530667,0.22497522299306244,0.17542120911793854,3.7187748895807697,0.352506653239861,9,0.5239007526236379,0.22497522299306244,0.7076300811346934,0.17329819599032345,0.4359087037733449
batch3,batch3_exp_00193,SUCCESS,meta_labeling,trend_scanning,uniqueness_decay,cpcv,isotonic,unknown,0.5247571490376134,0.9047725836972023,0.07372964149758232,0.5421918268076893,0.29295330338433717,0.21655104063429137,0.17542120911793854,3.6185286103542236,0.35240967369775844,9,0.5247571490376134,0.21655104063429137,0.7070466966156628,0.17581736742659893,0.43385924787112523
